[
  {
    "id": "8beec0b9-cbc9-44b5-9187-9509a04d5dc6",
    "name": "Mercedes Ortega Mayorga",
    "email": "mercedes.ortegamayorga69@unimet.edu.ve",
    "username": "Fernando_MerazAlonzo6",
    "type": "listener"
  },
  {
    "id": "8a6390a0-eda1-4161-81a1-6576edc72c2b",
    "name": "Pedro Urbina Ortega",
    "email": "pedro70@unimet.edu.ve",
    "username": "Soledad.AlmonteRubio48",
    "type": "listener"
  },
  {
    "id": "c060b6ea-4418-4521-88c8-e430cf91a0d1",
    "name": "Gabriela ",
    "email": "gabriela.urenamalave49@unimet.edu.ve",
    "username": "Patricia.HenriquezRael68",
    "type": "musician"
  },
  {
    "id": "f2525fc3-d5e0-472d-920f-6446fd766892",
    "name": "Enrique ",
    "email": "enrique_prietocarrasco59@unimet.edu.ve",
    "username": "Magdalena.AnguianoUlloa58",
    "type": "musician"
  },
  {
    "id": "18342a8f-cab1-4401-9874-a2c232d006f4",
    "name": "Patricio ",
    "email": "patricio.salazarlugo69@unimet.edu.ve",
    "username": "Guillermina.QuintanaLara41",
    "type": "musician"
  },
  {
    "id": "605347b1-053e-4c1d-a15c-23f7c9a6319a",
    "name": "Rubén ",
    "email": "ruben_alvaradomadrigal@unimet.edu.ve",
    "username": "MariaTeresa.HuertaCarmona82",
    "type": "musician"
  },
  {
    "id": "5abdd366-6df3-4d51-9f1e-aa4f88e73b66",
    "name": "María Eugenia ",
    "email": "mariaeugenia.figueroacanales@unimet.edu.ve",
    "username": "Francisca_ArandaFierro",
    "type": "musician"
  },
  {
    "id": "4185be1e-1219-45da-b0b6-89a337454ad1",
    "name": "Vicente ",
    "email": "vicente.yanezalicea@unimet.edu.ve",
    "username": "MariaElena_AbeytaSaldana3",
    "type": "musician"
  },
  {
    "id": "ca88c7f9-9585-43e7-80d3-a48a85b856c1",
    "name": "Víctor ",
    "email": "victor55@unimet.edu.ve",
    "username": "Silvia.DavilaMarquez",
    "type": "musician"
  },
  {
    "id": "27cc7912-e4cd-4705-9f4a-7d39232f2696",
    "name": "Benjamín ",
    "email": "benjamin53@unimet.edu.ve",
    "username": "JorgeLuis.CardenasReyna6",
    "type": "musician"
  },
  {
    "id": "c9966532-31f3-43b6-9e68-a2f9c42de335",
    "name": "Lorenzo Colunga Tejada",
    "email": "lorenzo.colungatejada@unimet.edu.ve",
    "username": "Patricia.CabreraLeal",
    "type": "listener"
  },
  {
    "id": "b1365259-e3d1-4aa9-a167-c1760a1da5f6",
    "name": "Guillermo ",
    "email": "guillermo_brionessauceda27@unimet.edu.ve",
    "username": "Javier2",
    "type": "musician"
  },
  {
    "id": "b76c4e95-384c-4808-be79-aabf13d1ba7f",
    "name": "Virginia Roldán Alvarado",
    "email": "virginia_roldanalvarado9@unimet.edu.ve",
    "username": "Mateo22",
    "type": "listener"
  },
  {
    "id": "e448f4fa-0bf0-4409-a991-d485fd4de942",
    "name": "Gloria ",
    "email": "gloria_menamuro@unimet.edu.ve",
    "username": "AnaMaria.RiveroAlvarado",
    "type": "musician"
  },
  {
    "id": "4e851ce1-5227-490c-8a8b-e2415dbc9985",
    "name": "Ignacio Rosario Elizondo",
    "email": "ignacio65@unimet.edu.ve",
    "username": "Josefina30",
    "type": "listener"
  },
  {
    "id": "afa1078a-ea67-4a78-bdae-2b1adae34e61",
    "name": "Rubén Farías Méndez",
    "email": "ruben71@unimet.edu.ve",
    "username": "Tomas51",
    "type": "listener"
  },
  {
    "id": "c77072e4-48a9-43d4-b024-b30b2143b92a",
    "name": "Pablo Echevarría Alvarado",
    "email": "pablo_echevarriaalvarado@unimet.edu.ve",
    "username": "Guillermina_EsquibelVillagomez11",
    "type": "listener"
  },
  {
    "id": "4197626b-363c-4473-a0af-55fc4d73bc93",
    "name": "Amalia ",
    "email": "amalia89@unimet.edu.ve",
    "username": "Estela89",
    "type": "musician"
  },
  {
    "id": "6ee6bfae-8947-4b3b-9eb6-fc41ee68e951",
    "name": "Barbara Ibarra Osorio",
    "email": "barbara_ibarraosorio@unimet.edu.ve",
    "username": "Alberto31",
    "type": "listener"
  },
  {
    "id": "edda7ec3-ab83-430d-83ab-c7d08c57c535",
    "name": "Sergio ",
    "email": "sergio.nevarezortega@unimet.edu.ve",
    "username": "Andrea13",
    "type": "musician"
  },
  {
    "id": "3dd9def2-8823-49f4-bd58-320240325e37",
    "name": "Anita Vergara Fierro",
    "email": "anita.vergarafierro@unimet.edu.ve",
    "username": "Teodoro.PadillaArriaga17",
    "type": "listener"
  },
  {
    "id": "e4962e36-e6f0-413b-81e7-14fbff494e39",
    "name": "Gabriela ",
    "email": "gabriela11@unimet.edu.ve",
    "username": "Eduardo.AguirreDominguez",
    "type": "musician"
  },
  {
    "id": "6c62ee8b-359c-4a21-acff-4b4fcc061dfc",
    "name": "Carlota Mesa Domínguez",
    "email": "carlota17@unimet.edu.ve",
    "username": "Guadalupe5",
    "type": "listener"
  },
  {
    "id": "b5dfdf2c-d825-47d1-b5bc-c0953b4fc535",
    "name": "Magdalena Peralta Alba",
    "email": "magdalena.peraltaalba17@unimet.edu.ve",
    "username": "Manuela34",
    "type": "listener"
  },
  {
    "id": "0d64d624-9391-48d1-b304-87c7e5fcba07",
    "name": "María Teresa ",
    "email": "mariateresa.delacruzcantu@unimet.edu.ve",
    "username": "Irene74",
    "type": "musician"
  },
  {
    "id": "a3e8fe48-52e4-4ff1-b791-640a86cc61c6",
    "name": "Adriana ",
    "email": "adriana.camarillocampos58@unimet.edu.ve",
    "username": "Esteban17",
    "type": "musician"
  },
  {
    "id": "934d530e-10e1-4616-add5-555b556879d3",
    "name": "Ángela ",
    "email": "angela_porrasrosas@unimet.edu.ve",
    "username": "Guadalupe.CarbajalValenzuela",
    "type": "musician"
  },
  {
    "id": "6ec20eee-6b2a-45ae-8a6c-ea3c224307ca",
    "name": "Tomás Solís Colunga",
    "email": "tomas0@unimet.edu.ve",
    "username": "JoseEmilio.SotoGuillen",
    "type": "listener"
  },
  {
    "id": "97cba1b0-5d1f-4daa-bb81-0b536fcfab3c",
    "name": "Ramón ",
    "email": "ramon17@unimet.edu.ve",
    "username": "Pablo.MunozSuarez16",
    "type": "musician"
  },
  {
    "id": "2017867f-e49c-4bc6-a32c-f8e87aa96afb",
    "name": "Blanca Rivero Fajardo",
    "email": "blanca_riverofajardo2@unimet.edu.ve",
    "username": "Jacobo.DelvalleVillanueva15",
    "type": "listener"
  },
  {
    "id": "c1143b59-f6ad-4e21-9981-86e8e54cb786",
    "name": "Francisca ",
    "email": "francisca.teranesquibel28@unimet.edu.ve",
    "username": "David20",
    "type": "musician"
  },
  {
    "id": "97c59402-2914-4e7a-aece-f37a3e7332ca",
    "name": "Salvador Reyes Gamboa",
    "email": "salvador_reyesgamboa@unimet.edu.ve",
    "username": "Cecilia.MascarenasMontenegro",
    "type": "listener"
  },
  {
    "id": "230dbadd-31b1-4fe3-afd7-aba201853969",
    "name": "Sergio ",
    "email": "sergio_oroscocastellanos@unimet.edu.ve",
    "username": "Susana74",
    "type": "musician"
  },
  {
    "id": "1438f9db-0704-4ebb-85ab-d42e80f07054",
    "name": "Óscar Colón Villalobos",
    "email": "oscar2@unimet.edu.ve",
    "username": "Lourdes_LucioGarica70",
    "type": "listener"
  },
  {
    "id": "f367f86a-3a15-4868-9612-c30e47d0d59d",
    "name": "Homero ",
    "email": "homero16@unimet.edu.ve",
    "username": "Benito_CorralesCasas",
    "type": "musician"
  },
  {
    "id": "6f31df24-2619-4757-abd5-6d910429d303",
    "name": "Armando ",
    "email": "armando_acostapulido@unimet.edu.ve",
    "username": "Teodoro0",
    "type": "musician"
  },
  {
    "id": "25848e8d-086d-4df3-a030-7a7d13d0d60b",
    "name": "Vicente Orellana Melgar",
    "email": "vicente.orellanamelgar70@unimet.edu.ve",
    "username": "Jose_BrionesMejia88",
    "type": "listener"
  },
  {
    "id": "9373772c-862e-467e-abd9-0c7627245b48",
    "name": "Estela ",
    "email": "estela.segoviaharo66@unimet.edu.ve",
    "username": "Catalina.PenaLoya",
    "type": "musician"
  },
  {
    "id": "48d6c252-2cd8-4e3d-afdb-72b2895f0bbe",
    "name": "Teodoro ",
    "email": "teodoro_uriasbarragan@unimet.edu.ve",
    "username": "Rodrigo.ZarateGalindo12",
    "type": "musician"
  },
  {
    "id": "0c721a6b-ab1c-488a-80cc-d50363291453",
    "name": "Silvia Pedroza Concepción",
    "email": "silvia.pedrozaconcepcion32@unimet.edu.ve",
    "username": "Juan39",
    "type": "listener"
  },
  {
    "id": "317698ff-3edf-4fa6-8875-aab7c8864be8",
    "name": "Caridad ",
    "email": "caridad.cejarosales50@unimet.edu.ve",
    "username": "Enrique28",
    "type": "musician"
  },
  {
    "id": "224cd67f-e70d-4bc5-855e-a6432e4eb2f6",
    "name": "Ariadna ",
    "email": "ariadna_bernalperales@unimet.edu.ve",
    "username": "Salvador.DavilaLedesma65",
    "type": "musician"
  },
  {
    "id": "da018924-2464-44a6-88e3-1fdffd620f89",
    "name": "Alejandro ",
    "email": "alejandro.sanabriaramos32@unimet.edu.ve",
    "username": "Lorena11",
    "type": "musician"
  },
  {
    "id": "545ff553-a193-434e-8b23-cd3179353554",
    "name": "Magdalena ",
    "email": "magdalena_chavezoquendo49@unimet.edu.ve",
    "username": "Ramona25",
    "type": "musician"
  },
  {
    "id": "eba20cbe-ff61-4e4f-a718-ee229a3f847f",
    "name": "Eduardo Ojeda Matos",
    "email": "eduardo.ojedamatos90@unimet.edu.ve",
    "username": "Monica22",
    "type": "listener"
  },
  {
    "id": "cd583dee-bfce-448d-aa2a-68e0ef447532",
    "name": "Miguel Ángel Preciado Molina",
    "email": "miguelangel43@unimet.edu.ve",
    "username": "Debora.VillaValenzuela30",
    "type": "listener"
  },
  {
    "id": "699c0453-ecbe-4885-9564-9850605460d0",
    "name": "Gerardo ",
    "email": "gerardo.parramaldonado12@unimet.edu.ve",
    "username": "Lorena_OlivaresNajera",
    "type": "musician"
  },
  {
    "id": "01d79526-a40c-4817-99f0-8c2cd74d185f",
    "name": "María Eugenia Gracia Solorzano",
    "email": "mariaeugenia.graciasolorzano5@unimet.edu.ve",
    "username": "Jose90",
    "type": "listener"
  },
  {
    "id": "f3875da5-de2b-4f4a-aa03-03e830dffcb5",
    "name": "Mario Amador Alfaro",
    "email": "mario3@unimet.edu.ve",
    "username": "Lola78",
    "type": "listener"
  },
  {
    "id": "10da8c11-9256-4ddf-af03-094bacdbff15",
    "name": "Julia ",
    "email": "julia.leivaochoa65@unimet.edu.ve",
    "username": "Cesar26",
    "type": "musician"
  },
  {
    "id": "609b392e-4931-41f3-a8ff-806243628682",
    "name": "Adriana Gómez Sosa",
    "email": "adriana56@unimet.edu.ve",
    "username": "Ignacio.NinoVanegas22",
    "type": "listener"
  },
  {
    "id": "b560ca32-9229-4f7a-b900-805a31e27503",
    "name": "Claudio Marrero Puga",
    "email": "claudio.marreropuga@unimet.edu.ve",
    "username": "MariadelCarmen_CavazosAleman",
    "type": "listener"
  },
  {
    "id": "66bf535d-3117-4042-90a5-9935f7aa609b",
    "name": "Magdalena Pantoja Adorno",
    "email": "magdalena.pantojaadorno@unimet.edu.ve",
    "username": "Caridad.TafoyaBallesteros",
    "type": "listener"
  },
  {
    "id": "5238cada-5e81-49fc-8990-dedb70cda316",
    "name": "María Eugenia ",
    "email": "mariaeugenia_concepcionperalta@unimet.edu.ve",
    "username": "Patricia_AliceaChavarria84",
    "type": "musician"
  },
  {
    "id": "1e44eb4b-fc25-43e9-83ee-ccf2e41a33d3",
    "name": "Manuel ",
    "email": "manuel_guerrapena96@unimet.edu.ve",
    "username": "Estela.PereaGriego",
    "type": "musician"
  },
  {
    "id": "62d4ffa4-f8b5-4583-952e-8fa0180c25fd",
    "name": "Cristina ",
    "email": "cristina_gamboadiaz54@unimet.edu.ve",
    "username": "German42",
    "type": "musician"
  },
  {
    "id": "a0f83bd3-cbac-45da-9c59-6a223a71c74c",
    "name": "Homero López Patiño",
    "email": "homero_lopezpatino14@unimet.edu.ve",
    "username": "Sergio_VerdugoEspinosadelosMonteros43",
    "type": "listener"
  },
  {
    "id": "9b5404a7-9129-4aff-ab88-542fb3453025",
    "name": "Felipe ",
    "email": "felipe94@unimet.edu.ve",
    "username": "Rocio45",
    "type": "musician"
  },
  {
    "id": "5321d4d2-1437-4e65-8ecf-367911c9c5dd",
    "name": "María Eugenia ",
    "email": "mariaeugenia.ybarrasantillan@unimet.edu.ve",
    "username": "Benito24",
    "type": "musician"
  },
  {
    "id": "d90d5301-9596-4a54-bb54-298313699df3",
    "name": "Alicia ",
    "email": "alicia70@unimet.edu.ve",
    "username": "MariaElena_MojicaVillasenor",
    "type": "musician"
  },
  {
    "id": "9df35d87-a337-4c76-931d-809b8fe162c5",
    "name": "Diego Manzanares Malave",
    "email": "diego58@unimet.edu.ve",
    "username": "Victor.CuellarLeon",
    "type": "listener"
  },
  {
    "id": "9432121d-7c1a-4a29-8de8-b2ecb6e7b555",
    "name": "Guadalupe Arroyo Loera",
    "email": "guadalupe_arroyoloera0@unimet.edu.ve",
    "username": "Mayte_BarelaCorral",
    "type": "listener"
  },
  {
    "id": "501524bc-79a8-43f9-98c3-ae2f0cec2d93",
    "name": "Patricio ",
    "email": "patricio_lopezvaldivia18@unimet.edu.ve",
    "username": "Lorena.HurtadoArana14",
    "type": "musician"
  },
  {
    "id": "a4cfdd90-81b5-404c-9a83-9511d3949669",
    "name": "María Cristina Melgar Aguilar",
    "email": "mariacristina27@unimet.edu.ve",
    "username": "Dorotea58",
    "type": "listener"
  },
  {
    "id": "ade815e1-3e19-42e8-a9e6-3c12fd0dbec6",
    "name": "Raquel Bañuelos Moreno",
    "email": "raquel_banuelosmoreno@unimet.edu.ve",
    "username": "Lola.LebronLozano57",
    "type": "listener"
  },
  {
    "id": "05685262-ef75-4e3e-981d-680b04083862",
    "name": "Emilia Blanco Candelaria",
    "email": "emilia.blancocandelaria@unimet.edu.ve",
    "username": "Arturo.RivasGarza77",
    "type": "listener"
  },
  {
    "id": "8880acdb-20da-4588-990f-a327d73d633d",
    "name": "Alfredo Gil Guerra",
    "email": "alfredo_gilguerra29@unimet.edu.ve",
    "username": "Lucia80",
    "type": "listener"
  },
  {
    "id": "0fdccf74-df53-41cf-8af5-48070dbda7ff",
    "name": "Esperanza Hernández Garay",
    "email": "esperanza_hernandezgaray@unimet.edu.ve",
    "username": "Ernesto.AlmonteAbreu44",
    "type": "listener"
  },
  {
    "id": "98b6512a-2f02-494a-9e17-59cc002cba77",
    "name": "Federico ",
    "email": "federico38@unimet.edu.ve",
    "username": "Elena64",
    "type": "musician"
  },
  {
    "id": "e54f4585-5302-41d7-96b3-d483abbaefc3",
    "name": "Gustavo ",
    "email": "gustavo.camachocovarrubias@unimet.edu.ve",
    "username": "Cesar.CornejoLovato8",
    "type": "musician"
  },
  {
    "id": "a2e5f5ad-44e4-4925-894a-9b08f3dff115",
    "name": "Benjamín ",
    "email": "benjamin_santanaayala38@unimet.edu.ve",
    "username": "Mayte9",
    "type": "musician"
  },
  {
    "id": "91c38d6c-4250-4240-97f7-069783ed4c23",
    "name": "Sofía Grijalva Sáenz",
    "email": "sofia.grijalvasaenz23@unimet.edu.ve",
    "username": "Carolina99",
    "type": "listener"
  },
  {
    "id": "bc58a11e-6e14-49ad-8a4e-69817e25e23b",
    "name": "Javier Bustos Pizarro",
    "email": "javier.bustospizarro@unimet.edu.ve",
    "username": "Sonia.OliveraSalcedo95",
    "type": "listener"
  },
  {
    "id": "80ffe630-066f-4b7f-a8a8-67f1fb9d16e5",
    "name": "Berta ",
    "email": "berta.castanedarosales@unimet.edu.ve",
    "username": "Alfonso.OroscoTamayo",
    "type": "musician"
  },
  {
    "id": "fba397b5-dc00-41c1-93a1-387f7458901f",
    "name": "Estela ",
    "email": "estela.villalobosroldan@unimet.edu.ve",
    "username": "Adriana97",
    "type": "musician"
  },
  {
    "id": "fa0e35c5-b620-404a-9e0e-10b3ad877681",
    "name": "Sergio Mascareñas Bustos",
    "email": "sergio_mascarenasbustos@unimet.edu.ve",
    "username": "Elena_PerezOlvera",
    "type": "listener"
  },
  {
    "id": "bd329865-1db8-4bfc-95b3-9fc7ab58a654",
    "name": "Javier Nieto Aponte",
    "email": "javier.nietoaponte@unimet.edu.ve",
    "username": "Hugo82",
    "type": "listener"
  },
  {
    "id": "b6a82cdf-b17d-4f4a-ada2-c9cf0ecabb0f",
    "name": "María Cristina Aguilar Gámez",
    "email": "mariacristina.aguilargamez17@unimet.edu.ve",
    "username": "Ariadna.CarreraRincon",
    "type": "listener"
  },
  {
    "id": "b66500fc-7c15-4a0b-be05-f72c1dfad562",
    "name": "Vicente ",
    "email": "vicente37@unimet.edu.ve",
    "username": "Marta91",
    "type": "musician"
  },
  {
    "id": "567bddb1-a968-4b08-9843-185867e59415",
    "name": "Joaquín ",
    "email": "joaquin.armijoceballos38@unimet.edu.ve",
    "username": "MariaElena45",
    "type": "musician"
  },
  {
    "id": "def87bb1-48cc-4f80-afb2-7cd5bc7156cd",
    "name": "Marcos ",
    "email": "marcos.rodartegaitan@unimet.edu.ve",
    "username": "AnaLuisa85",
    "type": "musician"
  },
  {
    "id": "5aceb7bd-56e9-4751-ace9-0267db3d347a",
    "name": "Gustavo Carmona Moreno",
    "email": "gustavo_carmonamoreno79@unimet.edu.ve",
    "username": "Benito77",
    "type": "listener"
  },
  {
    "id": "5735e975-7681-4aa1-82e6-e7fb00a1a59b",
    "name": "Óscar ",
    "email": "oscar39@unimet.edu.ve",
    "username": "Hernan_GarciaParedes",
    "type": "musician"
  },
  {
    "id": "9fa2d2fc-7def-4bae-8432-20927ff72a24",
    "name": "Elvira Zaragoza Ceja",
    "email": "elvira.zaragozaceja@unimet.edu.ve",
    "username": "Ramona.RangelCardona98",
    "type": "listener"
  },
  {
    "id": "68700fe3-c29f-4677-a9dd-95acce08aea9",
    "name": "Silvia Alaníz Muñiz",
    "email": "silvia77@unimet.edu.ve",
    "username": "Yolanda.CortesMorales46",
    "type": "listener"
  },
  {
    "id": "69fed1fd-57ab-4e09-b301-552413a7a11b",
    "name": "Rafael ",
    "email": "rafael.valenzuelaharo@unimet.edu.ve",
    "username": "Jacobo.AranaCandelaria",
    "type": "musician"
  },
  {
    "id": "28070ebe-74cc-4488-8491-8fb928ec2f45",
    "name": "Barbara ",
    "email": "barbara.peraltaalmaraz@unimet.edu.ve",
    "username": "Ariadna.GalindoValdes",
    "type": "musician"
  },
  {
    "id": "24617980-5320-44c4-824d-b466fe386b0e",
    "name": "Anita ",
    "email": "anita_pelayoquiroz17@unimet.edu.ve",
    "username": "JorgeLuis.BritoDuarte",
    "type": "musician"
  },
  {
    "id": "f78b360f-8a0f-4aad-abc4-16a0cf9dc34c",
    "name": "Nicolás Matías Tamez",
    "email": "nicolas.matiastamez@unimet.edu.ve",
    "username": "MariaSoledad37",
    "type": "listener"
  },
  {
    "id": "5229912e-8951-4456-b93f-c02977080f8c",
    "name": "Conchita Matos Betancourt",
    "email": "conchita.matosbetancourt86@unimet.edu.ve",
    "username": "Laura21",
    "type": "listener"
  },
  {
    "id": "5aa9130b-a1eb-42c2-84ca-1039d71a3fea",
    "name": "María del Carmen Delrío Márquez",
    "email": "mariadelcarmen26@unimet.edu.ve",
    "username": "Rodrigo_GodinezJasso50",
    "type": "listener"
  },
  {
    "id": "7f3d8c88-b9ac-44d6-83cc-145f3c0cc5c6",
    "name": "Carolina ",
    "email": "carolina_abregohidalgo@unimet.edu.ve",
    "username": "Manuel58",
    "type": "musician"
  },
  {
    "id": "5cf40b44-1036-4b63-a29f-fee7d4930258",
    "name": "Arturo ",
    "email": "arturo92@unimet.edu.ve",
    "username": "Clara_PerezTafoya20",
    "type": "musician"
  },
  {
    "id": "1f4e3f17-ab74-40e7-9038-70c9eb725b2a",
    "name": "Marcela ",
    "email": "marcela.soteloherrera@unimet.edu.ve",
    "username": "Caridad_DeleonParedes",
    "type": "musician"
  },
  {
    "id": "11d5dba3-7c1c-4823-ac7a-e34c0b5cc7aa",
    "name": "Marcos Guardado Olivárez",
    "email": "marcos_guardadoolivarez46@unimet.edu.ve",
    "username": "Joaquin_MedinaPerales",
    "type": "listener"
  },
  {
    "id": "9b0706fa-014d-4af1-8344-486706217659",
    "name": "Cristina Aragón Escamilla",
    "email": "cristina79@unimet.edu.ve",
    "username": "Josefina_GalvezManzanares",
    "type": "listener"
  },
  {
    "id": "e51c9a56-dc68-46d1-bfe4-651e05afd70a",
    "name": "Marta ",
    "email": "marta.cavazosbecerra@unimet.edu.ve",
    "username": "Manuel49",
    "type": "musician"
  },
  {
    "id": "26994830-e49a-47dc-9011-bae24a5c0926",
    "name": "Irene ",
    "email": "irene51@unimet.edu.ve",
    "username": "Manuela_SalinasFigueroa",
    "type": "musician"
  },
  {
    "id": "c1f6708a-f855-4d2f-a7ad-c5afc049136c",
    "name": "Manuel ",
    "email": "manuel_apodacazelaya@unimet.edu.ve",
    "username": "Cristina_MontezLimon77",
    "type": "musician"
  },
  {
    "id": "4a6ceccb-c8aa-4dc7-8497-3f9fee6870ab",
    "name": "María del Carmen ",
    "email": "mariadelcarmen_saavedravergara12@unimet.edu.ve",
    "username": "Manuela_EspinosaChavez51",
    "type": "musician"
  }
]